node,handle,topic_type,topics,post_count,engagement,in_degree,out_degree,weighted_in_degree,weighted_out_degree
did:plc:wfnerm5c2emfy4iffllxqlr5,andreafriz.bsky.social,padel_only,['padel'],1,0,0,0,0,0
did:plc:36zpq6cbx7jmsoce2hr624v4,siisar.bsky.social,padel_only,['padel'],1,0,0,0,0,0
did:plc:4vmk2bts7rbvhlikpd5357ck,shymon84.bsky.social,padel_only,['padel'],1,2,0,0,0,0
did:plc:eaxssnsscqcqspj7h4oeuxfj,pistacloud.bsky.social,padel_only,['padel'],116,1,0,0,0,0
did:plc:2htr6vzopp6mejep7qcpszru,reporterre.net,padel_only,['padel'],1,27,0,0,0,0
did:plc:7gm6utgclnawvcy6vq7jr4se,iiddlacartuja.bsky.social,padel_only,['padel'],1,0,0,0,0,0
did:plc:chdvqiidiammex3672g7baii,tesmagazine.bsky.social,padel_only,['padel'],1,0,0,0,0,0
did:plc:4i7xwq5tgasaziqv3klq2cn7,a51fr3d.bsky.social,padel_only,['padel'],1,0,0,0,0,0
did:plc:vqctfee3lou7xrepan4luyoi,usdailyreport.bsky.social,padel_only,['padel'],1,0,0,0,0,0
did:plc:6awzyrbzjsdxqvwpwjm4uyo3,jacksofhearts.bsky.social,padel_only,['padel'],1,1,0,0,0,0
did:plc:4t35l5hpuol6vwgq2u6l7bq4,padelgrab.bsky.social,padel_only,['padel'],38,22,0,0,0,0
did:plc:sgbt3g5227knvrbkz3kfsm4f,ilovelimerick.bsky.social,padel_only,['padel'],1,1,0,0,0,0
did:plc:t6yler265sc2u2u2uzkbv2s6,gianfrancostabile.bsky.social,padel_only,['padel'],1,0,0,0,0,0
did:plc:o2s4zwxlw3fwv5idbym4rdpb,medianormandie.bsky.social,padel_only,['padel'],2,0,0,0,0,0
did:plc:gvo74ksplqezvse47t6a2si3,hippodecampe.bsky.social,padel_only,['padel'],1,0,0,0,0,0
did:plc:r4oxmrz3yixsmz4yljqeqtjx,lamarinaplaza.bsky.social,padel_only,['padel'],1,0,0,0,0,0
did:plc:kulv4thvyluft3hgaycrxpdq,ilquaderno.bsky.social,both,"['padel', 'tennis']",25,0,0,0,0,0
did:plc:hp53fqmqguw7edznqtudpcua,frozax.com,padel_only,['padel'],3,26,0,0,0,0
did:plc:ewopgvrkuv5jsqrarrmydelc,kallimakhos.bsky.social,padel_only,['padel'],1,0,0,0,0,0
did:plc:eegwuwrwuxot5wjefjgadpbb,presse83.fr,padel_only,['padel'],1,0,0,0,0,0
did:plc:ozfkxoeholyjq77grteqfi4o,fgderrien.bsky.social,padel_only,['padel'],1,1,0,2,0,2
did:plc:tpqmtopgnsfestsyyzit67ue,rob-hanna.bsky.social,padel_only,['padel'],2,5,0,0,0,0
did:plc:6vwzq6ohuaspqpg3sa6ebsgw,new3rd.bsky.social,padel_only,['padel'],1,0,0,0,0,0
did:plc:5ifxomhg35xd6opak7ywfz5k,bomjogopadel.bsky.social,padel_only,['padel'],8,9,0,0,0,0
did:plc:hqpehjihnhapmn3qp5gfm43b,padelcervello.bsky.social,padel_only,['padel'],1,0,0,0,0,0
did:plc:borgwedjkw33wq62odfxjik5,louisette02.bsky.social,padel_only,['padel'],1,0,0,0,0,0
did:plc:sp4n47vvnrezv5u2gwkjk76m,nasdaq.activitypub.awakari.com.ap.brid.gy,padel_only,['padel'],1,0,0,0,0,0
did:plc:yiiassjxdb7ciwk3ruilkcw6,businessam.bsky.social,padel_only,['padel'],1,0,0,0,0,0
did:plc:hslirr7h6d7livppaxty435b,newsen.bsky.social,both,"['padel', 'tennis']",7,3,0,0,0,0
did:plc:mfzun5eeenyckruefdmeqw6g,sustainhealth.bsky.social,padel_only,['padel'],1,0,0,0,0,0
did:plc:ywdwhqhaqnpll272s3jju64u,javierpanzardo.bsky.social,both,"['padel', 'tennis']",8,8,0,0,0,0
did:plc:sqqxswev6gkhnhlfsifcarwx,grahamdowns.mastodon.africa.ap.brid.gy,padel_only,['padel'],1,0,0,0,0,0
did:plc:lzruvsyzcfwiyo7v42zlykle,sps-institut.bsky.social,padel_only,['padel'],1,0,0,0,0,0
did:plc:4ytqpnu66uaqgsq2vqrmlld6,harrogatechamber.co.uk,padel_only,['padel'],1,0,0,0,0,0
did:plc:wjc3z3gtiq3oquai3hnz5rjz,globalvisibility.bsky.social,both,"['padel', 'tennis']",4,0,0,0,0,0
did:plc:pdrmzmx3hlzzilwiddgf6w4c,lindasartini.mastodon.uno.ap.brid.gy,padel_only,['padel'],1,0,0,0,0,0
did:plc:67omjvw4s6ihsjbvvlk2wy66,easyassetsearch.com,padel_only,['padel'],1,0,0,0,0,0
did:plc:t4axx4lisxr6u3s2ip7vnhbe,johnwimperis.bsky.social,padel_only,['padel'],1,2,0,0,0,0
did:plc:snzdvc77vmcdmkoxklypggvo,donporque.bsky.social,both,"['padel', 'tennis']",15,1,0,0,0,0
did:plc:eua6tcmammnjlrublarm7qhv,sprungflooring.bsky.social,padel_only,['padel'],1,0,0,0,0,0
did:plc:jxgflspyzzs54ejyjdspl2ur,putneynews.bsky.social,both,"['padel', 'tennis']",2,0,0,0,0,0
did:plc:7kva7whd52kugqh3lrxlnhf6,stefanobornia.bsky.social,both,"['padel', 'tennis']",4,5,0,0,0,0
did:plc:nzivtk27jtu3r2edg4t7mmpt,padelrivals.bsky.social,padel_only,['padel'],2,10,0,0,0,0
did:plc:ozf55fcugazdqj77nhhstfnu,blazetrends.bsky.social,padel_only,['padel'],2,0,0,0,0,0
did:plc:yxvg377snkmnbinvs5ixjkqr,fallen-seraph.bsky.social,padel_only,['padel'],1,60,0,0,0,0
did:plc:hkkjq7ytegaisszpy3vtnixn,tuscantennis.bsky.social,padel_only,['padel'],1,1,0,0,0,0
did:plc:q6prnqs7m6audjujt7fnqk5j,cronachecampania.bsky.social,padel_only,['padel'],1,0,0,0,0,0
did:plc:dvocgo2owvcsoy5bbg5g2xwv,oleiros.online,padel_only,['padel'],1,0,0,0,0,0
did:plc:l4vgkjfizkuyhei56tini27c,universidadxclima.mastodon.social.ap.brid.gy,padel_only,['padel'],1,0,0,0,0,0
did:plc:ubzy276dnzydja43m657y2ro,wildebeastimages.bsky.social,padel_only,['padel'],1,55,0,0,0,0
did:plc:ehcejvpliu6mztinox6e5lrs,vikingvgame.bsky.social,padel_only,['padel'],1,1,0,0,0,0
did:plc:bpwob74tr4ojs3e7ljmizwnd,bryanseah234.bsky.social,padel_only,['padel'],1,0,0,0,0,0
did:plc:eqimk7or36eu77ifwyco3uxb,sigma-world.bsky.social,padel_only,['padel'],1,0,0,0,0,0
did:plc:aeth3ouewgsexliforqyolgp,driversandnorris.bsky.social,padel_only,['padel'],1,0,0,0,0,0
did:plc:2wb7rs3szlzv5bl62ifmmmo2,putting-gott.bsky.social,padel_only,['padel'],2,0,0,0,0,0
did:plc:f7nfvma4oivfdrrkru2no3fe,markgoodrich.bsky.social,padel_only,['padel'],1,1,0,0,0,0
did:plc:swxfjzxmtjmo23d3rlx7rqvi,everton.toffeetvefc.com,padel_only,['padel'],1,2,0,0,0,0
did:plc:4a6iz7wswrtlrzhp4fpdotxe,giveawaydrop.bsky.social,padel_only,['padel'],1,0,0,0,0,0
did:plc:whgvxqpobouy3nrqsvo2fldq,torinoindiretta.bsky.social,both,"['padel', 'tennis']",2,1,0,0,0,0
did:plc:ykbqjvi5ok4gkjafeofikgfz,seketika.bsky.social,padel_only,['padel'],2,0,0,0,0,0
did:plc:afazzsycsy6ev6satsalemus,danielrschmidt.bsky.social,padel_only,['padel'],1,2,0,0,0,0
did:plc:atwmo53rgb7e4kuumibwshoj,robbreport.it,padel_only,['padel'],1,0,0,0,0,0
did:plc:3donmcromoa4qukwfsvc26vd,carlgomb.bsky.social,padel_only,['padel'],1,0,0,0,0,0
did:plc:d3phlr2ce4royaluryqepkeb,leisurestudies.bsky.social,padel_only,['padel'],1,1,0,0,0,0
did:plc:obnpmju46qcq3rekaizhwkab,indolencia.bsky.social,padel_only,['padel'],1,0,0,0,0,0
did:plc:bldjkgoq37uhfyqcdtqui6e5,ardyay.bsky.social,padel_only,['padel'],1,0,0,0,0,0
did:plc:ltioiojb4tkfp4vtkn65lwk6,the5krunner.bsky.social,padel_only,['padel'],1,2,0,0,0,0
did:plc:s33lmvk7rwmlypc2qm6wn2lr,llms.activitypub.awakari.com.ap.brid.gy,padel_only,['padel'],3,0,0,0,0,0
did:plc:ywtl7beqwfc6dpy5wwnrj2sf,aicommentaryonnews.bsky.social,padel_only,['padel'],1,0,0,0,0,0
did:plc:jcsresdqic5xoax6texrmixd,redlucy54.bsky.social,padel_only,['padel'],1,8,0,0,0,0
did:plc:gkgndl5mhs2amrfz6t55p5oh,thelolgic.bsky.social,padel_only,['padel'],1,0,0,0,0,0
did:plc:b7w5f3vlpa4qvf452s4wmive,metropolitanovigo.bsky.social,padel_only,['padel'],1,0,0,0,0,0
did:plc:6vn2obf2vevbanjp3olwkegm,lovebellgreen.bsky.social,padel_only,['padel'],1,0,0,0,0,0
did:plc:5ulliq37y6wugprgidqyern5,wilayahmy.bsky.social,padel_only,['padel'],1,0,0,0,0,0
did:plc:p6nd2xdlb3i3hls7of7mslfv,asianewstoday.bsky.social,both,"['padel', 'tennis']",2,0,0,0,0,0
did:plc:45wrjrcc7blwcix5j3yxy7yc,manfredou.mastodon.social.ap.brid.gy,padel_only,['padel'],1,1,0,0,0,0
did:plc:rzjahjoeywvd5tr2f2fcbzxh,stijngabeler.bsky.social,padel_only,['padel'],1,5,0,0,0,0
did:plc:rhdramrdlpskeewavbzvwsiz,newsmonkey.bsky.social,both,"['padel', 'tennis']",3,0,0,0,0,0
did:plc:cb4evmlw7wnxe5zn7hzka24c,katrinatennis.bsky.social,padel_only,['padel'],1,0,0,0,0,0
did:plc:ydmq7t2kbuo6mmqjwpk3oagk,internazionaliditalia.stadio.top,padel_only,['padel'],1,1,0,0,0,0
did:plc:6b7fwvimx5mgq4sxsjocq4vb,matiasmestas.bsky.social,padel_only,['padel'],4,1,0,0,0,0
did:plc:ecgdn6kwgm2xv34vf5qy3xpx,redbullcontentpool.bsky.social,padel_only,['padel'],2,0,0,0,0,0
did:plc:sq6ntbvmarcrjoliehsarj6c,aquitaineonline.bsky.social,padel_only,['padel'],1,0,0,0,0,0
did:plc:bvuc55zkkmiw2axaprxb5h37,padelreviews.bsky.social,padel_only,['padel'],6,4,0,0,0,0
did:plc:k3aag2zh65uyvcasevy7xolo,premierpadeltour.bsky.social,padel_only,['padel'],2,4,0,0,0,0
did:plc:bz3sz5avcfmda6xrgabj7n7k,ilrestodelcarlino.bsky.social,padel_only,['padel'],1,0,0,0,0,0
did:plc:w2gntyapumy3a77qfk6kixw6,estrelladigital.bsky.social,padel_only,['padel'],3,1,0,0,0,0
did:plc:2wjtvuonwzrs3e7xt5ys7ppq,corresponsables.bsky.social,padel_only,['padel'],1,0,0,0,0,0
did:plc:mjhm6yvzigmsuojtaxydriga,jaimedyp.bsky.social,padel_only,['padel'],9,5,0,0,0,0
did:plc:ueubax7r35l3yjgvq27nexqi,premierpadel.bsky.social,padel_only,['padel'],1,1,0,0,0,0
did:plc:6wa3ucqbvbrunx3rnwc5jqua,elcomerciodigit.bsky.social,padel_only,['padel'],1,0,0,0,0,0
did:plc:nm7nu2tty25b7h4grpfilris,webdepordata.bsky.social,padel_only,['padel'],1,0,0,0,0,0
did:plc:aj26gvddq3s3oa62ftnouhjv,onosolar.bsky.social,padel_only,['padel'],1,0,0,0,0,0
did:plc:dke5mkgy6czitsr35mjdv2jd,ipasky.bsky.social,padel_only,['padel'],1,0,0,0,0,0
did:plc:mvdely3wllpaingpfapeqshh,pacoramosamat.bsky.social,padel_only,['padel'],1,0,0,0,0,0
did:plc:7kt2g5jmef47kkc7zchprjlj,padelspain.bsky.social,padel_only,['padel'],4,10,0,1,0,1
did:plc:2vwy7pulccyspencijwy64yq,ellelle11.bsky.social,padel_only,['padel'],1,3,0,0,0,0
did:plc:n7miv5x6wwve6eo4hx7nwf5z,handle.invalid,padel_only,['padel'],1,0,0,0,0,0
did:plc:ujcfuunnifiu3jwuf3vek6ee,actusfr.bsky.social,tennis_only,['tennis'],1,0,0,0,0,0
did:plc:ibb2jb7pdtzn72zhpwk6qaz5,duranie68.bsky.social,tennis_only,['tennis'],1,0,0,0,0,0
did:plc:nuwoqeoitgkuihrpzo3jefdg,pressdemo.bsky.social,tennis_only,['tennis'],1,0,0,0,0,0
did:plc:blass7dzfpqbs7k4iauav6pz,bryb.bsky.social,tennis_only,['tennis'],1,5,0,0,0,0
did:plc:it6yfzovkk6ynwpf2nm3g35b,hottennisbabes.bsky.social,tennis_only,['tennis'],11,3,0,0,0,0
did:plc:vrcsr5hdv3bsi47jqbtjmsxi,glitchdeals.bsky.social,tennis_only,['tennis'],1,0,0,0,0,0
did:plc:wrsf35zye5xmlfaje5zyyega,us-news.bsky.social,tennis_only,['tennis'],1,0,0,0,0,0
did:plc:ftkrrhmlsyzc3e4ksuc7ykxi,frintze.bsky.social,tennis_only,['tennis'],1,0,0,0,0,0
did:plc:f4q4dz4a57oqqlpjr7n7ehxj,mm-gazzetta-sport.bsky.social,tennis_only,['tennis'],1,0,0,0,0,0
did:plc:3cvlxqk3hix5m7s4uono7k3l,rpfnyc.bsky.social,tennis_only,['tennis'],1,1,0,0,0,0
did:plc:pkhdhq2cw7ynpgev4ogs2kau,tennisontelly.bsky.social,tennis_only,['tennis'],2,2,0,0,0,0
did:plc:t4clrt3f4rtwzixc6hyuxvjj,andrewblue23.bsky.social,tennis_only,['tennis'],1,2,0,0,0,0
did:plc:mwvfiasljqqh7ijquv4fbwbo,latorrecollons.bsky.social,tennis_only,['tennis'],1,0,0,0,0,0
did:plc:cmqqzjejzjjie6bj23bpvbgu,crunchyfrog.bsky.social,tennis_only,['tennis'],1,0,0,0,0,0
did:plc:lsbt4og7uy2nttwv6b66etk5,luna2isinthegym.bsky.social,tennis_only,['tennis'],1,2,0,0,0,0
did:plc:acl6fquoypv7txy2hhodobur,koolbadges.co.uk,tennis_only,['tennis'],1,0,0,0,0,0
did:plc:edlhbnew2fu4x3huxgrtybsp,ilpost.it,tennis_only,['tennis'],1,0,0,0,0,0
did:plc:3ositppams53t5xdu2ugqkos,aickyway.bsky.social,tennis_only,['tennis'],1,0,0,0,0,0
did:plc:rpraomxl4qbdazg322vwsno4,rawchili.bsky.social,tennis_only,['tennis'],6,0,0,0,0,0
did:plc:5ekaaudi6pc22b4axp54hqre,fr-france.bsky.social,tennis_only,['tennis'],3,0,0,0,0,0
did:plc:yrbn43bw3nqvikhzaybit6jo,nyxiaeleven.bsky.social,tennis_only,['tennis'],1,0,0,0,0,0
did:plc:q5k65enx7jk7g5eln5kef372,topuk.deals,tennis_only,['tennis'],1,0,0,0,0,0
did:plc:g2tyft5uo5akgxstmwk66w27,verymuchabot.bsky.social,tennis_only,['tennis'],1,0,0,0,0,0
did:plc:bpfxa4ech5cdtlemezr522lz,ee-uudised.bsky.social,tennis_only,['tennis'],1,0,0,0,0,0
did:plc:qvidzz7dm76lanyikijwp4c4,themanilatimes.bsky.social,tennis_only,['tennis'],1,1,0,0,0,0
did:plc:2i6v2zkbw67rkkntjveq4mxf,chrisweedon.bsky.social,tennis_only,['tennis'],1,0,0,0,0,0
did:plc:i2d5upg5bqyrxxkbok2cxa7k,gamedropstation.bsky.social,tennis_only,['tennis'],2,2,0,0,0,0
did:plc:uljnr7odc4pa4fdbknae6qnn,kevanaponte.bsky.social,tennis_only,['tennis'],1,0,0,0,0,0
did:plc:cbdwc5wznkbsos7vvor6cckt,tennis365com.bsky.social,tennis_only,['tennis'],24,98,0,0,0,0
did:plc:6r4thwiqjylw2uomltnfs4yz,whoissalt.bsky.social,tennis_only,['tennis'],1,2,0,0,0,0
did:plc:qxuhxhbb5tllifsgvxypeymm,chatnewstv.bsky.social,tennis_only,['tennis'],1,0,0,0,0,0
did:plc:bcter54hlaaur2nxmypqqnpp,coriolanus-snow.bsky.social,tennis_only,['tennis'],1,3,0,0,0,0
did:plc:74t5swjofzlj77nta2lczarn,bartvh.bsky.social,tennis_only,['tennis'],1,4,0,0,0,0
did:plc:v3egc3wk5hi3k6vdc4q3kpez,evepro.bsky.social,tennis_only,['tennis'],1,2,0,0,0,0
did:plc:ch7njfv346mlmkepjdlvim4y,wlosradio.bsky.social,tennis_only,['tennis'],1,0,0,0,0,0
did:plc:56i5k4rdeizxjwiot7kufsqq,eu-de.bsky.social,tennis_only,['tennis'],1,0,0,0,0,0
did:plc:jqwumbk44e6wnyag5uueauej,sophia-bennett.bsky.social,tennis_only,['tennis'],29,4,0,0,0,0
did:plc:6zjznsf7qjqnzfzclqq27fi7,germanteacher.bsky.social,tennis_only,['tennis'],1,2,0,0,0,0
did:plc:42han5exrxyrgdsbwosrp7sy,rankednews.bsky.social,tennis_only,['tennis'],1,0,0,0,0,0
did:plc:j3adf6a33tzkw3o7gbvhnymd,englit101.bsky.social,tennis_only,['tennis'],2,1,0,0,0,0
did:plc:niqnrgrc52zdgyvrb7hoal4d,the-express.com,tennis_only,['tennis'],2,0,0,0,0,0
did:plc:gjmmlliismjqhu6ixwtodyox,stopthegop2024.bsky.social,tennis_only,['tennis'],1,2,0,0,0,0
did:plc:25wek72o2vmmzo4vr7baey4w,eniort.bsky.social,tennis_only,['tennis'],1,0,0,0,0,0
did:plc:oee3lufz4ex26cqefcbvd2o4,ashles.bsky.social,tennis_only,['tennis'],1,1,0,0,0,0
did:plc:4sfblfe56ajtkh65pzh3ct4y,1001web.bsky.social,tennis_only,['tennis'],1,0,0,0,0,0
did:plc:xszetkpqzdanveolw665lotq,celanor.org,tennis_only,['tennis'],1,2,0,0,0,0
did:plc:imtaacyegndufu4ttupw2ozz,kbgnotkgb.bsky.social,tennis_only,['tennis'],1,0,0,0,0,0
did:plc:wozjx2gonfaqk7l6jdezjtpz,tenniscinqmars.bsky.social,tennis_only,['tennis'],4,0,0,0,0,0
did:plc:lh2wvayf4ephs377fwwizv45,canada-news.bsky.social,tennis_only,['tennis'],1,0,0,0,0,0
did:plc:dtg2oeh4jj3lmbcxyxl6nm34,some-news.bsky.social,tennis_only,['tennis'],3,4,0,0,0,0
did:plc:3emdcunx65ymrbpcg36hbfhz,frontpage.ink,tennis_only,['tennis'],1,0,0,0,0,0
did:plc:mesq3r54hzhka7mq5c57smzj,dinkyshop.bsky.social,tennis_only,['tennis'],1,0,0,0,0,0
did:plc:6dogihoiskbz3flxsifm22eq,emarktaylor.bsky.social,tennis_only,['tennis'],4,54,0,0,0,0
did:plc:3ik7a3tlhg7fdftcc7yjvmrn,fictionfanspod.bsky.social,tennis_only,['tennis'],1,2,0,0,0,0
did:plc:pzja4ziemadnemlf5lc4tx5h,thimker3.bsky.social,tennis_only,['tennis'],1,0,0,0,0,0
did:plc:pntjm44plexkgbvlrdg65lnl,intrattenimento.bsky.social,tennis_only,['tennis'],1,0,0,0,0,0
did:plc:b574xdjyptgcg6wgjpnuv5mj,tampabay28.bsky.social,tennis_only,['tennis'],1,0,0,0,0,0
did:plc:kjh3kbcy2vmgaiajfof6bz6x,news-flows-uk.bsky.social,tennis_only,['tennis'],1,0,0,0,0,0
did:plc:ywnspi27wbppnbkicolbgmbt,fawnfiction.bsky.social,tennis_only,['tennis'],1,0,0,0,0,0
did:plc:knyr6kf2kszfwx7m6lautuer,pidgeonai.bsky.social,tennis_only,['tennis'],1,0,0,0,0,0
did:plc:zk724dj6dhggrtdvyufv5dc5,francejeunes.bsky.social,tennis_only,['tennis'],1,0,0,0,0,0
did:plc:6cvx6dy7dkks43boq3bq4skk,connersgnyt.bsky.social,tennis_only,['tennis'],1,2,0,0,0,0
did:plc:4bycp36nxoxkfyed4edcrzkt,abolibibelot.bsky.social,tennis_only,['tennis'],1,2,0,0,0,0
did:plc:fuzbzl4kr6yfap6pwksdmyhs,gutstringtheory.bsky.social,tennis_only,['tennis'],1,0,0,0,0,0
did:plc:ndfufin77hov4p2slycw7wkh,socialnews.xyz,tennis_only,['tennis'],1,1,0,0,0,0
did:plc:4thrtm2l4lhlfnyh4kvmle5w,thelifeandlega1.bsky.social,tennis_only,['tennis'],1,2,0,0,0,0
did:plc:ht6nj7wvu3y7ysrlwyc2iy5m,cronaca.bsky.social,tennis_only,['tennis'],4,0,0,0,0,0
did:plc:ln6enfuch25pt3kioohk2g6e,boyo94.bsky.social,tennis_only,['tennis'],1,1,0,0,0,0
did:plc:smdkfx7db3pbvkdfwidns4rv,discover.sinkan.net,tennis_only,['tennis'],1,0,0,0,0,0
did:plc:ngk24dzwjs47bnjvdze3cgvu,mm-rivista11-bot.bsky.social,tennis_only,['tennis'],1,0,0,0,0,0
did:plc:rdc2l3ztlg6bkrc2vyeunson,reeseteacher.bsky.social,tennis_only,['tennis'],1,1,0,0,0,0
did:plc:7plyi734ngdi7afjfljghltu,pushwall.bsky.social,tennis_only,['tennis'],1,0,0,0,0,0
did:plc:kmz2drpglruwrvrtitthyw43,wildernessvagabonds.com,tennis_only,['tennis'],1,1,0,0,0,0
did:plc:fjvnvhxq7totago4dpuwn43b,juanmonteverde0.bsky.social,tennis_only,['tennis'],1,0,0,0,0,0
did:plc:2enrcnx7lnx2hrlvg7ikygt2,alilthisandthat.bsky.social,tennis_only,['tennis'],1,3,0,0,0,0
did:plc:wxb75btyyudm7ae4xfexgrmr,majesticimpact.bsky.social,tennis_only,['tennis'],1,0,0,0,0,0
did:plc:kihy7dmsgcgkmzxr2bcgr3ec,cloudwall53.bsky.social,tennis_only,['tennis'],1,3,0,0,0,0
did:plc:ahaw772me6fwwlia6j3yaka5,thefamican.bsky.social,tennis_only,['tennis'],1,1,0,0,0,0
did:plc:jto4obcodacyjy2qmrxagyag,ctvnewsvancouver.bsky.social,tennis_only,['tennis'],1,0,0,0,0,0
did:plc:2tt3qu7kbqi73ol3i2b2ed5m,oidvoid.bsky.social,tennis_only,['tennis'],1,0,0,0,0,0
did:plc:d4of55mhkzue3r36cuapqoft,logophobe.bsky.social,tennis_only,['tennis'],2,15,0,0,0,0
did:plc:7gutpnct4tfbjkccv3mjoirm,mudron.bsky.social,tennis_only,['tennis'],1,0,0,0,0,0
did:plc:bzwlxyzyksuuc6uarw5vllez,nanoscopes.bsky.social,tennis_only,['tennis'],1,2,0,0,0,0
did:plc:igpjq77tv5m357het5mjzguf,playitkul.bsky.social,tennis_only,['tennis'],1,3,0,0,0,0
did:plc:uyzpyopnkvyaytc4vcnhki4w,abestit.bsky.social,tennis_only,['tennis'],1,0,0,0,0,0
did:plc:kupovap65ymcukivryof2ais,kindracotton.com,tennis_only,['tennis'],1,5,0,0,0,0
did:plc:swv7e6g32xzgif5rctjq6hqi,joeytehwriter.bsky.social,tennis_only,['tennis'],1,1,0,0,0,0
did:plc:v2ngarazwfojwxhky3enb6ix,dildo-baggins.bsky.social,tennis_only,['tennis'],1,0,0,0,0,0
did:plc:xkvf52ac5yawh4e5wrnnrygz,seilconnected.bsky.social,tennis_only,['tennis'],1,0,0,0,0,0
did:plc:2fiikorjntlayev4bxaapgol,tennisbubu.bsky.social,tennis_only,['tennis'],4,5,0,0,0,0
did:plc:ej24slly4aln2yaigg4pm4xm,kyh9.bsky.social,tennis_only,['tennis'],1,2,0,0,0,0
did:plc:r7eiytpwqhf42uyutifqvtcc,sillysoaperboy.bsky.social,tennis_only,['tennis'],1,2,0,0,0,0
did:plc:e3vzrnxvu5pduuq5de4d2hs4,dring-batman.bsky.social,tennis_only,['tennis'],1,7,0,0,0,0
did:plc:qlsttpeemclkl5u3wl7ibcn2,spursyflo.bsky.social,tennis_only,['tennis'],1,0,0,0,0,0
did:plc:asgnepdxq5bodl6pg3pdwz55,edwinjdavies.bsky.social,tennis_only,['tennis'],1,1,0,0,0,0
did:plc:rbyc57pzs4rtqumqrupqx35w,igotarock2.bsky.social,tennis_only,['tennis'],1,1,0,0,0,0
did:plc:skraz6fdfcu3puh2r3qarho7,lgbettea.bsky.social,tennis_only,['tennis'],1,4,0,0,0,0
did:plc:zkg2dafla5bza5dhlrwbqdlf,junkywithamonke.bsky.social,tennis_only,['tennis'],1,5,0,0,0,0
did:plc:wr6xczc352potpaqkqqrj4ys,geestack.bsky.social,tennis_only,['tennis'],1,2,0,0,0,0
did:plc:xvo7gsaojuuuxc6rlw374pls,judgement-bot.bsky.social,tennis_only,['tennis'],1,1,0,0,0,0
did:plc:tnt5vtar542vlzuwsbljden3,keithstein65.bsky.social,tennis_only,['tennis'],1,0,0,0,0,0
did:plc:x6d322n3geelh5ifbvoj53su,mark1t.bsky.social,tennis_only,['tennis'],3,15,0,0,0,0
did:plc:fafoyafpfx2ize33fk7qe65s,2rzikkbou3ntafnir2qmmse0gwz.activitypub.awakari.com.ap.brid.gy,tennis_only,['tennis'],1,1,0,0,0,0
did:plc:nf6iyu7mxro74uqq3cfl2lk7,nextrally.app,tennis_only,['tennis'],1,0,0,0,0,0
did:plc:p4cbffibyzy6jlf47gw6pxdg,supertennisnews.bsky.social,tennis_only,['tennis'],7,7,0,0,0,0
did:plc:xrvfs2bdj67zddpj6jhivoro,eurosport.stadio.top,tennis_only,['tennis'],11,2,0,0,0,0
did:plc:2muafgkp6xyt26b5deviz6zb,pressebot.bsky.social,tennis_only,['tennis'],2,0,0,0,0,0
did:plc:epubovkxmnx3rmesbdrfdsto,magentarocks.bsky.social,tennis_only,['tennis'],7,29,0,0,0,0
did:plc:eogfhi57s2pykg6ha7di52ss,nieuwsjunkies.nl,tennis_only,['tennis'],3,0,0,0,0,0
did:plc:7562ertypylmpblstzpe33si,chillyboy.bsky.social,tennis_only,['tennis'],1,0,0,0,0,0
did:plc:7vpm5ixhfr6ge7rkcxwgrdrw,peacelovegen.bsky.social,tennis_only,['tennis'],1,9,0,0,0,0
did:plc:aptk5ggg7cbxdnx6edcdisgx,sunteam.bsky.social,tennis_only,['tennis'],1,8,0,0,0,0
did:plc:wuojeafwvlqn7devygjbcdjk,johnmcnwoods.eurosky.social,tennis_only,['tennis'],1,1,0,0,0,0
did:plc:6wf2miqr5lzrc45qxlb26yfv,leemeade.bsky.social,tennis_only,['tennis'],3,13,0,0,0,0
did:plc:uf6566ur4zv2h7yl4les2ygh,umlegacypress.com,tennis_only,['tennis'],6,44,0,0,0,0
did:plc:pbwkoqw6rbmrhaa5j3upvvqn,drsuep01.bsky.social,tennis_only,['tennis'],1,2,0,0,0,0
did:plc:wx5uevpvx7wtnulsymj26gwu,nitojr.bsky.social,tennis_only,['tennis'],3,6,0,0,0,0
did:plc:3qfxhwf3rlf3ay33wkxqzj6i,johanneboucher.bsky.social,tennis_only,['tennis'],1,1,0,0,0,0
did:plc:76pkofp3woa4tdsglc6eovip,timtyrrell.bsky.social,tennis_only,['tennis'],3,3,0,0,0,0
did:plc:d7ms44pprhpohrxd4nd6mdny,tennissolitaire.bsky.social,tennis_only,['tennis'],2,0,0,0,0,0
did:plc:4oh7xt2p3jhu2w7qvmkrjdmc,hansvos.bsky.social,tennis_only,['tennis'],11,184,0,0,0,0
did:plc:ijy2mm25oqxqymjfh42zvn7u,anna66newton.bsky.social,tennis_only,['tennis'],1,1,0,0,0,0
did:plc:d3mdvi6eautf4br7gix4d3fk,tribunedelyon.fr,tennis_only,['tennis'],1,1,0,0,0,0
did:plc:r2hvo5oru7vn5zofntftprbt,rhedmtf.mastodon.social.ap.brid.gy,tennis_only,['tennis'],1,0,0,0,0,0
did:plc:nmit2ydwj64h3mb5optztb4r,kronika24pl.bsky.social,tennis_only,['tennis'],2,0,0,0,0,0
did:plc:r2ax3ne3s6ol2mnnw6ua5p4p,semitruth.bsky.social,tennis_only,['tennis'],1,0,0,0,0,0
did:plc:c3sbmsinvq64s3asqlorgr4y,operanewsfr.bsky.social,tennis_only,['tennis'],1,0,0,0,0,0
did:plc:oopib2eadvsr2bu35duy4d4j,jmacl.bsky.social,tennis_only,['tennis'],3,2,0,0,0,0
did:plc:luy2cl2jijzvh2iyzqu5eppr,phatznewsroom.bsky.social,tennis_only,['tennis'],10,1,0,0,0,0
did:plc:xim7kpugdtxdaf32us4vpmky,olympics-bot.bsky.social,tennis_only,['tennis'],2,4,0,0,0,0
did:plc:ryq6cceqbtbtzejfuz6mvqqe,longdariavampysilver.net,tennis_only,['tennis'],4,0,0,0,0,0
did:plc:5rvuhwzkodw5c7nqfukybmps,bbottone.bsky.social,tennis_only,['tennis'],1,2,0,0,0,0
did:plc:fe2bjy33oaafxyl446pzs5bq,carolinefiennes.bsky.social,tennis_only,['tennis'],1,3,0,0,0,0
did:plc:mdcdgfkffz2c55p2fdna2ogp,fucinafibonacci.mastodon.uno.ap.brid.gy,tennis_only,['tennis'],1,0,0,0,0,0
did:plc:wcpzq5sishamkmkvexui5qmd,shraddhahospital.bsky.social,tennis_only,['tennis'],1,2,0,0,0,0
did:plc:ro5iqk6uvvnpclnhulgrs3wd,dordognelibre.bsky.social,tennis_only,['tennis'],1,1,0,0,0,0
did:plc:avio6v4zhhlymnsee4nqa6ap,atpguydotcom.bsky.social,tennis_only,['tennis'],5,0,0,0,0,0
did:plc:y5r6wdl7bxvbypqukxlaw4kh,davidgrayless.bsky.social,tennis_only,['tennis'],2,1,0,0,0,0
did:plc:uj4544464fcisay6kaezgzqg,social.emucafe.org,tennis_only,['tennis'],1,0,0,0,0,0
did:plc:yrknkwscvrbqhuaavp4srvkb,ijaja.bsky.social,tennis_only,['tennis'],3,20,0,0,0,0
did:plc:6giah4xfhkhm5qnupurrubmt,michaelcdickens.bsky.social,tennis_only,['tennis'],2,1,0,1,0,2
did:plc:th3teu45c3cyqck5gjsbondl,ridernews.bsky.social,tennis_only,['tennis'],1,1,0,0,0,0
did:plc:p6hofgcs7do7ibhrchirwvgh,tritooshop.bsky.social,tennis_only,['tennis'],1,0,0,0,0,0
did:plc:ic7dmfvu2eqieert7n4wqn53,royjvdxb.bsky.social,tennis_only,['tennis'],3,0,0,0,0,0
did:plc:ezchfbk2grnrqrqdqgrh7ogg,dunkinsdiamonds.bsky.social,tennis_only,['tennis'],1,0,0,0,0,0
did:plc:27f4pkd6sgxapd6czawxdntt,thetennisgazette.com,tennis_only,['tennis'],124,52,0,0,0,0
did:plc:h52vzwqxuhhlybbui76mzpo3,rafeanaffa.bsky.social,tennis_only,['tennis'],1,0,0,0,0,0
did:plc:qiyzfpf2vhuawgdow2s7pgz6,juanpteixeira.bsky.social,tennis_only,['tennis'],84,96,0,0,0,0
did:plc:ik6qax4pozyxa3fonmgiay3v,atp-top-30.bsky.social,tennis_only,['tennis'],5,5,0,0,0,0
did:plc:eyvm7str3yhpirijzimdhali,sporttoronto.bsky.social,tennis_only,['tennis'],2,0,0,0,0,0
did:plc:3xmyw357pkqkniysleds6q7m,alistairspark.bsky.social,tennis_only,['tennis'],14,30,0,0,0,0
did:plc:6yfiqkcozvnj2fds4sar6c7b,tvrecapsreviews.bsky.social,tennis_only,['tennis'],2,1,0,0,0,0
did:plc:uv2ammikowqjruekgcoyhoit,lauteshirn.social.tchncs.de.ap.brid.gy,tennis_only,['tennis'],1,0,0,0,0,0
did:plc:6xft23cyyeab5qz5yhuqouil,winggirle.bsky.social,tennis_only,['tennis'],4,1,0,2,0,8
did:plc:dihvdmlzkxrdylmmfad463xp,bearded.social,tennis_only,['tennis'],2,1,0,0,0,0
did:plc:vmmcua6dikmamf3i4uabxai6,scutterjane.bsky.social,tennis_only,['tennis'],6,9,0,0,0,0
did:plc:n3x4qu3nwrfg7fmlzkdoyh3k,felonimacaroni.bsky.social,tennis_only,['tennis'],4,16,0,0,0,0
did:plc:bbwtrw7xucuelmb4bbvedzuo,natfolk.bsky.social,tennis_only,['tennis'],1,2,0,0,0,0
did:plc:6ymw73x5yk2uiya4ycwbncg4,billcanacci.bsky.social,tennis_only,['tennis'],1,6,0,0,0,0
did:plc:x3ys2psj67jfqp23nk3kt2wb,theshieldofsports.bsky.social,tennis_only,['tennis'],1,1,0,0,0,0
did:plc:kte4v5vxc56m6i2vihp7xe6s,destinyzradio.bsky.social,tennis_only,['tennis'],1,1,0,0,0,0
did:plc:alpqydnh2en2wskvqkruqcrl,bingoal-belgium.bsky.social,tennis_only,['tennis'],1,0,0,0,0,0
did:plc:34aldmszytfyaycfvbmlbubr,georgethebaker.bsky.social,tennis_only,['tennis'],1,5,0,0,0,0
did:plc:mcd4vpan6gaduidxxgu53654,handle.invalid,tennis_only,['tennis'],3,0,0,0,0,0
did:plc:prn2xwl5sz34arcpvqcoute5,rallyher.bsky.social,tennis_only,['tennis'],14,31,0,0,0,0
did:plc:f47unotfhxdmxbw7uszcjwvp,alongcamepoly4thew.bsky.social,tennis_only,['tennis'],3,49,0,0,0,0
did:plc:uyscf6o6nau5papynfjnho2s,colozine.de,tennis_only,['tennis'],4,2,0,0,0,0
did:plc:fpi6rcrjimdjv4k7auqu2btc,erikgtennis.bsky.social,tennis_only,['tennis'],2,5,0,0,0,0
did:plc:2m5ahrmlrxbbr36q6gh2rn76,amydevlin.bsky.social,tennis_only,['tennis'],1,29,0,0,0,0
did:plc:pojbjfdjw4k7txajxzuh43bb,nwalkertalker.bsky.social,tennis_only,['tennis'],2,6,0,0,0,0
did:plc:scsoxyqhp74n4cltft4yrsgp,womenwhoserve.bsky.social,tennis_only,['tennis'],6,6,0,0,0,0
did:plc:diucwr4c2u5sqamikao2yji6,scousegrrl.bsky.social,tennis_only,['tennis'],1,0,0,0,0,0
did:plc:2fol7kffs6td665asveulzhv,tennispig.bsky.social,tennis_only,['tennis'],1,0,0,0,0,0
did:plc:qz2vqjtagkulew5quahygqqc,vancitybynight.bsky.social,tennis_only,['tennis'],1,4,0,0,0,0
did:plc:z6untmj43wlt5vbpm4sya2ae,tipsterexpert.bsky.social,tennis_only,['tennis'],2,0,0,0,0,0
did:plc:w3tbh42yw5zlhejaurcvyii5,commodorezed.bsky.social,tennis_only,['tennis'],2,2,0,0,0,0
did:plc:vjw67apc74hvqakqk4gjy4me,talkingwithdonato.bsky.social,tennis_only,['tennis'],1,0,0,0,0,0
did:plc:nr3vlw2fsrcidwfzpihbaxnp,ongoingnow.com,tennis_only,['tennis'],1,1,0,0,0,0
did:plc:aoyetik36oavd7zwugysa67w,dearflo.bsky.social,tennis_only,['tennis'],1,0,0,0,0,0
did:plc:ok5xm6dmt6c7mwbivo25npj3,tiebreakertimes.bsky.social,tennis_only,['tennis'],3,1,0,0,0,0
did:plc:pp3rrejqgsgpezahogciat2u,iron-new-york.bsky.social,tennis_only,['tennis'],1,14,0,0,0,0
did:plc:gkshsv7me4va5tmzjauzwaq5,orthocsi2025.bsky.social,tennis_only,['tennis'],10,6,0,0,0,0
did:plc:4ikfvfsb2iutyfedfijiflmf,sbisson.com,tennis_only,['tennis'],1,2,0,0,0,0
did:plc:sl2527l5zqcedzrmas4jr2cg,warrenzz.bsky.social,tennis_only,['tennis'],1,1,0,0,0,0
did:plc:ja2npvjyovvdmg7gmixov76d,galovasco.bsky.social,tennis_only,['tennis'],1,0,0,0,0,0
did:plc:jaetymgcohu7ifj2ooaql4p4,tennistourcalendar.bsky.social,tennis_only,['tennis'],5,0,0,0,0,0
did:plc:l35l4mpxxs2nbiun5m56mw45,tootingnewsie.bsky.social,tennis_only,['tennis'],5,4,0,0,0,0
did:plc:xce3yi45rgek6oyq3anx7rnd,ellvee55.bsky.social,tennis_only,['tennis'],1,0,0,0,0,0
did:plc:vcp7sudqfuc7dclm7wj5wmew,zachtirone.bsky.social,tennis_only,['tennis'],1,0,0,1,0,1
did:plc:hlytsw7enqwdusymlcyce6fs,peter-mugridge.bsky.social,tennis_only,['tennis'],2,37,0,0,0,0
did:plc:7savzb5f3jgcgmxjshkt6idw,carolinefrmus.bsky.social,tennis_only,['tennis'],3,16,0,0,0,0
did:plc:4okjzpssou5fh3s7jqxterwz,sketchynuggets.bsky.social,tennis_only,['tennis'],1,0,0,0,0,0
did:plc:v4yzjozzz6567vq7dsexwgtv,shiiteholycountry.bsky.social,tennis_only,['tennis'],1,6,0,0,0,0
did:plc:ovt5tonk2a375w5wj3ccijfz,totaltennisnews.bsky.social,tennis_only,['tennis'],3,2,0,0,0,0
did:plc:e4vwxb4qy4smw7fzm3q6wkpw,smiles74.bsky.social,tennis_only,['tennis'],1,0,0,0,0,0
did:plc:jdidvjmwh5fcilcndfnx2im7,belgraviacalling.bsky.social,tennis_only,['tennis'],1,3,0,0,0,0
did:plc:pomhtvqn7zayc5bxgowzmf6r,calvinandhobbes69.bsky.social,tennis_only,['tennis'],1,1,0,0,0,0
did:plc:gomg2dyybjg4vajaqs6lbqxt,everything-theatre.co.uk,tennis_only,['tennis'],3,5,0,1,0,1
did:plc:2irzrjslr6qwtgcgupusw6sp,domandalo.bsky.social,tennis_only,['tennis'],1,0,0,0,0,0
did:plc:5xon2ynwclygid3srnsu64rp,inselfohlen.bsky.social,tennis_only,['tennis'],1,0,0,0,0,0
did:plc:kamxsjqm74plpjsex5uoz3dq,aam-em.bsky.social,tennis_only,['tennis'],3,2,0,0,0,0
did:plc:3dddjee6qsqbnbzbvyodj3vf,pinturicchia13.bsky.social,tennis_only,['tennis'],1,0,0,0,0,0
did:plc:474ghlbor7dplgofegeuaqvn,beer-mat-movies.mastodonapp.uk.ap.brid.gy,tennis_only,['tennis'],1,2,0,0,0,0
did:plc:urnqpvqg32yzebwe46icrwci,brekkiebb.bsky.social,tennis_only,['tennis'],1,0,0,0,0,0
did:plc:pwtdxpyjdvmhcwwb37zarwqn,naomipaxton.bsky.social,tennis_only,['tennis'],1,0,0,0,0,0
did:plc:74x4z2fdykf3j6zzk2ksqmzu,tennisnerdmert.bsky.social,tennis_only,['tennis'],3,4,0,0,0,0
did:plc:vcmldy5qqh4fqfd2cwn4uqn5,knowledgezone.bsky.social,tennis_only,['tennis'],1,0,0,0,0,0
did:plc:ffnrpx4tpp3pbxdipsq5lsn5,burgosconecta.bsky.social,tennis_only,['tennis'],1,0,0,0,0,0
did:plc:eklmp2sae3nlzksfwkllcdlm,boontonkat.bsky.social,tennis_only,['tennis'],1,1,0,0,0,0
did:plc:ewpovnytrltwd2u7khqzhuwy,newsevoce.bsky.social,tennis_only,['tennis'],4,0,0,0,0,0
did:plc:syw7bbzaxxr2ssrt6cwgpyqj,heavenlyblue007.bsky.social,tennis_only,['tennis'],1,3,0,1,0,1
did:plc:2vwhjxso5ats6nql3fopwgpc,moritzbhvg.bsky.social,tennis_only,['tennis'],1,0,0,0,0,0
did:plc:yg7ljixepv7xi2piw6luzd32,zebrapig.bsky.social,tennis_only,['tennis'],1,0,0,0,0,0
did:plc:uljwaa4sr64ykfkzwv65f4om,stoked4good.bsky.social,tennis_only,['tennis'],1,0,0,0,0,0
did:plc:q26wuyujp2av5axczdwgzr3g,tennistourtalk.bsky.social,tennis_only,['tennis'],3,1,1,1,2,1
did:plc:3bf6uko22nbju2sb3ylw373o,starsactu.bsky.social,tennis_only,['tennis'],4,1,0,0,0,0
did:plc:j4kiyfmuqbs26sfpm3td2j4h,lpoolmike.bsky.social,tennis_only,['tennis'],1,2,0,0,0,0
did:plc:e66x5nb25ot7enhlsu4uvt2d,strictlysports.bsky.social,tennis_only,['tennis'],1,1,0,0,0,0
did:plc:xyte2uq4wq4dqxrjqr3y4xav,rtkrum.bsky.social,tennis_only,['tennis'],1,0,0,1,0,1
did:plc:gcusr2pl22sf7nwlwf5msxsa,pitch-mag.bsky.social,tennis_only,['tennis'],1,0,0,0,0,0
did:plc:hyoubto7yixreo7nxe6mbzy4,postboxmap.bsky.social,tennis_only,['tennis'],1,3,0,0,0,0
did:plc:kq7jjieomzw5unlhykdoudpb,cinquewnews.bsky.social,tennis_only,['tennis'],1,10,0,0,0,0
did:plc:3igi64wfcwyixmh7laxr2vdb,proset90s.bsky.social,tennis_only,['tennis'],1,1,0,0,0,0
did:plc:sihptuqxqupvk76myl2zj7jk,bringyourbaby.bsky.social,tennis_only,['tennis'],1,0,0,0,0,0
did:plc:c6j5rkmtjbi7hw7s3y7jc6nw,bssh.bsky.social,tennis_only,['tennis'],1,0,0,0,0,0
did:plc:iory6qw3l4ilmhz7xl5gqz4i,kamil.id,tennis_only,['tennis'],1,0,0,0,0,0
did:plc:vqydvaeccppr3qt5wu4bemr6,james-rowan-photo.bsky.social,tennis_only,['tennis'],1,9,0,0,0,0
did:plc:42r5xuhjsmzvufpyk5bvew2w,spoonwinnipeg.bsky.social,tennis_only,['tennis'],1,0,0,0,0,0
did:plc:34p7bzg5mfprrin5zxhmlow3,mrmishra.bsky.social,tennis_only,['tennis'],1,0,0,0,0,0
did:plc:excpll767cuqdo6ps4lhfkbn,awilding.bsky.social,tennis_only,['tennis'],1,3,0,0,0,0
did:plc:e6nmi2szneq5epikovqnehtl,madhurirathr.bsky.social,tennis_only,['tennis'],1,1,0,0,0,0
did:plc:phtvxxawrajxbv3utkmuakxd,mertontv.bsky.social,tennis_only,['tennis'],1,1,0,1,0,1
did:plc:k5oi4j55o2gltny2crbnoeip,snowydayuk.bsky.social,tennis_only,['tennis'],4,1,0,0,0,0
did:plc:c2ihtr6cnn5xve3mvhdqeeru,icshc.bsky.social,tennis_only,['tennis'],1,0,0,0,0,0
did:plc:nrzzqc2iwqhrcbboj37c57lb,qprreport.bsky.social,tennis_only,['tennis'],1,1,0,0,0,0
did:plc:h6jcxdqmpgtal7moeg6owqmo,easterneye.bsky.social,tennis_only,['tennis'],1,0,0,0,0,0
did:plc:mtbniu2prvaxnoljvi432ebh,matts-bluesky.bsky.social,tennis_only,['tennis'],1,0,0,0,0,0
did:plc:jy6yfrbqycyqmkjsnxs2h6jz,zettawire.com,tennis_only,['tennis'],2,2,0,0,0,0
did:plc:qwh2jhvps4nfrmcrbyevsigy,chieftabi.bsky.social,tennis_only,['tennis'],1,17,0,1,0,1
did:plc:ukd4kduvw63j3izwsge6ch3v,quizand.bsky.social,tennis_only,['tennis'],1,0,0,0,0,0
did:plc:rktuaetwicqoqcucvg6vdn2n,cromwellmm.bsky.social,tennis_only,['tennis'],1,0,0,0,0,0
did:plc:ty5pwk55riuq46durjurej6j,wales-sport.bsky.social,tennis_only,['tennis'],1,0,0,0,0,0
did:plc:fttnqmuxtejgmhiqfdw2esaq,sportstoday.bsky.social,tennis_only,['tennis'],1,0,0,0,0,0
did:plc:c6bhzfxgxfvympp5ulkw25pu,beckysupport.bsky.social,tennis_only,['tennis'],2,1,0,0,0,0
did:plc:yszzub3c6nwfdy6gsvr3rzwr,valentingrtz.bsky.social,tennis_only,['tennis'],1,0,0,0,0,0
did:plc:yabc23uezlhjtqr25ezsz4r3,nookandabook.bsky.social,tennis_only,['tennis'],1,3,0,0,0,0
did:plc:py5fbclty6agdvnmfvopgm5i,mikeeneldivan.bsky.social,tennis_only,['tennis'],1,0,0,0,0,0
did:plc:wx4heohybdezf6iz22igeswj,engagementbecky.bsky.social,tennis_only,['tennis'],3,2,0,0,0,0
did:plc:patnikrswcbq7lcufjoazfsk,daease19.bsky.social,tennis_only,['tennis'],1,0,0,0,0,0
did:plc:tdumzhz2mesu62guhwotgkto,atptour.stadio.top,tennis_only,['tennis'],5,32,1,0,4,0
did:plc:i2qmjs3iwsgnsmb35oiqxpx6,tennis-skip1515.bsky.social,tennis_only,['tennis'],1,1,0,0,0,0
did:plc:jdl4yqd3xeen73hmnrevk5r4,jamesgraysmith.bsky.social,tennis_only,['tennis'],1,67,0,0,0,0
did:plc:3udzvmr4an2byo6463w6f55x,artbyinanis.bsky.social,tennis_only,['tennis'],1,6,0,0,0,0
did:plc:jexktshmtihfl5wsa5pzflg2,michaelvanmind.bsky.social,tennis_only,['tennis'],1,1,0,0,0,0
did:plc:26i3qisfleepy2lgfvvz5xby,trend-words-it.bsky.social,tennis_only,['tennis'],1,0,0,0,0,0
did:plc:byqq7bmmjw72mj3hkb6g645z,tennistv.stadio.top,tennis_only,['tennis'],4,8,0,0,0,0
did:plc:vdqwpgxlumpdfw6r6pp74yo4,iciparis.bsky.social,tennis_only,['tennis'],1,0,0,0,0,0
did:plc:shk6zpb4sqfahptodiuyzmgs,newstele.bsky.social,tennis_only,['tennis'],1,0,0,0,0,0
did:plc:g7nk2fwxufbe6nlpjgnarpw3,feminactu.bsky.social,tennis_only,['tennis'],1,1,0,0,0,0
did:plc:3f7vo3othc6w6oaclxhxheim,yaktu.fr,tennis_only,['tennis'],1,0,0,0,0,0
did:plc:56agrckssna35xvij7keizlj,vietp86.bsky.social,tennis_only,['tennis'],5,2,0,0,0,0
did:plc:slt6tx5zixwfszm2g34j3lrp,marcopinkster.bsky.social,tennis_only,['tennis'],1,0,0,0,0,0
did:plc:ycthjmpolv2mcoq6wyuqdokw,newsmason.bsky.social,tennis_only,['tennis'],2,0,0,0,0,0
did:plc:frrfwg2b6nsz7o4fbqo54szl,joshisanonymous.h4.io.ap.brid.gy,tennis_only,['tennis'],1,0,0,0,0,0
did:plc:6h6o7fdtwdtfefywpsxhetph,sportrendy.bsky.social,tennis_only,['tennis'],1,3,0,0,0,0
did:plc:tg6plzqgu7xmpkcs4rslr2h4,b1u3sky.bsky.social,tennis_only,['tennis'],1,6,0,0,0,0
did:plc:rhsa55no4gvb6ky4ghiinpiu,christopherclarey.bsky.social,tennis_only,['tennis'],3,8,0,0,0,0
did:plc:psvkfk32xgszezs6nfgkisyv,tennislove23.bsky.social,tennis_only,['tennis'],2,9,0,0,0,0
did:plc:vuyvknlzllizj5psc5vxapbm,thatsoleelee.blacksky.app,tennis_only,['tennis'],1,4,0,0,0,0
did:plc:wuqpybiw75vvvgvj2qe3zgpa,lgp-netwolf.bsky.social,tennis_only,['tennis'],1,0,0,0,0,0
did:plc:fbakiele22dtl4772bngagpb,a7production.mastodon.social.ap.brid.gy,tennis_only,['tennis'],2,11,0,0,0,0
did:plc:icoyzqwyq2eacvyu2r7od3go,jennystitches.bsky.social,tennis_only,['tennis'],1,2,0,1,0,1
did:plc:ynigvuvwav7b4ydhh5uwk4du,groundpass.bsky.social,tennis_only,['tennis'],1,3,0,0,0,0
did:plc:pqgdcjvlhqmiwmbvlkpm2bka,supertennistv.stadio.top,tennis_only,['tennis'],3,2,0,0,0,0
did:plc:egfjae3r3sv3zi2v3chdxi5a,mllelynda.bsky.social,tennis_only,['tennis'],1,2,0,0,0,0
did:plc:nl2g3gr5ggnuxeruuhnyn5gb,trend-words-de.bsky.social,tennis_only,['tennis'],1,0,0,0,0,0
did:plc:okhn26ioecs6jqsya364gdcr,sly-tolosa.bsky.social,tennis_only,['tennis'],1,1,0,0,0,0
did:plc:cgop2gth63mjztawnktbwidq,emanuele-ricciardi.bsky.social,tennis_only,['tennis'],1,0,0,0,0,0
did:plc:5dufjmxfckktrllw7abjcwg6,heerdjan.bsky.social,tennis_only,['tennis'],1,1,0,0,0,0
did:plc:dfkhypv5m5g576dzk4lcijhi,federtennis.stadio.top,tennis_only,['tennis'],2,1,0,0,0,0
did:plc:qjedncx3gawz6edw5o2fjihb,g1g1no1897.bsky.social,tennis_only,['tennis'],1,2,0,0,0,0
did:plc:2z4wp6eajdelfrifmlmwmx2i,novinysk.zpravobot.news.ap.brid.gy,tennis_only,['tennis'],1,0,0,0,0,0
did:plc:dkpcy4nqmsmbaucx4jo3tdqv,valhattan.bsky.social,tennis_only,['tennis'],1,1,0,0,0,0
did:plc:jqlcfx5gqeohjpdja2egw64h,stephandaniel.bsky.social,tennis_only,['tennis'],1,2,0,0,0,0
did:plc:3edkebww25ncshocp7jp2kah,thesoj.bsky.social,tennis_only,['tennis'],1,0,0,0,0,0
did:plc:kycz2p7t2zcuecx3x74vdw3n,trending.getskyscraper.com,tennis_only,['tennis'],1,11,0,0,0,0
did:plc:ad6z2xz7v3za3n3sxqmcnq6z,labluxuryandretail.bsky.social,tennis_only,['tennis'],1,1,0,0,0,0
did:plc:vmijgg7ronqocaqwhszpy4wv,jennylovesmaui.bsky.social,tennis_only,['tennis'],1,1,0,0,0,0
did:plc:3x7pkhdaloew3rrnr5m5a46t,yachtie.bsky.social,tennis_only,['tennis'],1,0,0,0,0,0
did:plc:xyv7ygxbzzw3ogpxufwsepyz,octoboss.bsky.social,tennis_only,['tennis'],1,0,0,0,0,0
did:plc:yxbpdcnjyaby7ebf7vntuwgd,shkspr.eurosky.social,tennis_only,['tennis'],1,1,0,0,0,0
did:plc:cnuenfcy47sky5a73pqhrdk4,tuttyblueskyly.eurosky.social,tennis_only,['tennis'],1,1,0,0,0,0
did:plc:svqduuqaxg2xo5ujrkzizen5,nelsonofa.bsky.social,tennis_only,['tennis'],1,0,0,0,0,0
did:plc:a2vfcl2f46sutpfv4wdh27rx,gemgolfers.bsky.social,tennis_only,['tennis'],1,1,0,0,0,0
did:plc:hmhkxeaz6yfwa6zeqvzweoot,wheredidsamgo.bsky.social,tennis_only,['tennis'],1,1,0,0,0,0
did:plc:ddcmdof4k5iklckr2almtwkm,mattmurph24.bsky.social,tennis_only,['tennis'],4,0,0,0,0,0
did:plc:leuequfke35qlqol6iz327ys,justinpowellweb.bsky.social,tennis_only,['tennis'],1,2,0,1,0,1
did:plc:kew3krunirnddezdqqjvcd4v,elcomentario.bsky.social,tennis_only,['tennis'],1,0,0,0,0,0
did:plc:k4idzwskxodr6bnbrahhrzpr,bonobobananas.bsky.social,tennis_only,['tennis'],1,2,0,0,0,0
did:plc:7yqxkrncrdyevyd2io2tcfqo,mattlanark.bsky.social,tennis_only,['tennis'],1,9,0,0,0,0
did:plc:2v7x6gj35cs5vl7hxj2p63aw,sneakeragenda.bsky.social,tennis_only,['tennis'],2,0,0,0,0,0
did:plc:n2fgxp3o4223epoei7lcki6q,cadeland.bsky.social,tennis_only,['tennis'],1,0,0,0,0,0
did:plc:fbyt4nj6kblkd3ufxuf7wmyp,indiaweekly.bsky.social,tennis_only,['tennis'],1,62,0,0,0,0
did:plc:wekm2kndnynvkgwkhzkkrgs5,rigvig.bsky.social,tennis_only,['tennis'],3,3,0,0,0,0
did:plc:bfs65cgtvyxil3czkjkgom5c,thegolfinggazette.com,tennis_only,['tennis'],12,0,0,0,0,0
did:plc:jdf7ijgxeyfhcceti2yil23y,indiawest.bsky.social,tennis_only,['tennis'],2,0,0,0,0,0
did:plc:xl7nfajot2f5gcepflfsbv5a,no-one.bsky.social,tennis_only,['tennis'],1,0,0,0,0,0
did:plc:vxzqeu2zbp4bviwvmqbixlps,killbaitcanada.bsky.social,tennis_only,['tennis'],1,0,0,0,0,0
did:plc:xbs75kpe6uyykoq6ppxwpmdj,themobilebroker.bsky.social,tennis_only,['tennis'],1,7,0,0,0,0
did:plc:dxdpk7ucuwl6pypvqoxsbggh,therootofevil.bsky.social,tennis_only,['tennis'],1,4,0,0,0,0
did:plc:ovlccgje6ki2lwuwsmyyakck,ctmascaro.bsky.social,tennis_only,['tennis'],1,0,0,0,0,0
did:plc:gkx3vkekvcqdgtnofykf6p7q,scrollworthy-org.bsky.social,tennis_only,['tennis'],4,0,0,0,0,0
did:plc:it7o3d3p2ao47odmm5bq6o5q,hooligan-soccer.bsky.social,tennis_only,['tennis'],1,0,0,0,0,0
did:plc:v737lxjdfjesjqjtstiw67sk,niallduddy.bsky.social,tennis_only,['tennis'],1,0,0,0,0,0
did:plc:55d34waqblbpbdepu4vc6ogt,magbess.bsky.social,tennis_only,['tennis'],1,1,0,0,0,0
did:plc:5qlbwse22glqomspo2wgosg5,egtours.bsky.social,tennis_only,['tennis'],1,3,0,0,0,0
did:plc:vqu77m2tloejmwsnpcc2lsiu,mypins.bsky.social,tennis_only,['tennis'],1,1,0,0,0,0
did:plc:glhl7qoqollqha3747teprne,theziggiestzag.bsky.social,tennis_only,['tennis'],1,0,0,0,0,0
did:plc:4fo7ysqio5vsol6j3qvo7oxp,baloouriza.social.tulsa.ok.us.ap.brid.gy,tennis_only,['tennis'],1,0,0,0,0,0
did:plc:56wup3lyqnwzs36i6pg5t2ig,mnsrt61.bsky.social,tennis_only,['tennis'],1,0,0,0,0,0
did:plc:m33n3xl4xxv7jpekfuovk7in,espnpr.bsky.social,tennis_only,['tennis'],1,50,0,1,0,1
did:plc:ydy6va5nnmokui55ermv7nni,maqsoodasi.bsky.social,tennis_only,['tennis'],1,0,0,0,0,0
did:plc:rad25mtbwr5gsfv6z63xu7vg,tuntongcheong.bsky.social,tennis_only,['tennis'],1,0,0,0,0,0
did:plc:4t2ofzayt4hctuad26f7zckc,alvarocoll.bsky.social,tennis_only,['tennis'],1,0,0,0,0,0
did:plc:xdzzf4bgaz2xfcp6hb5dc6tq,mrsd-w92.bsky.social,tennis_only,['tennis'],1,0,0,0,0,0
did:plc:elpkkhxsix7xq22z6r36idve,taylorc97.bsky.social,tennis_only,['tennis'],1,0,0,1,0,1
did:plc:ycoq7onfkbtrvkjm3o5s7t34,ruticious.bsky.social,tennis_only,['tennis'],1,7,0,0,0,0
did:plc:7ebamfsfjzm5ljh5mfu7psn6,amalgama1.bsky.social,tennis_only,['tennis'],1,0,0,0,0,0
did:plc:athntbqrxnzye3rvr3tiatel,walkaboutsverse.bsky.social,tennis_only,['tennis'],1,2,0,0,0,0
did:plc:3dtetytp4ove4rd5axeux4ns,aviationnews-eu.bsky.social,tennis_only,['tennis'],1,0,0,0,0,0
did:plc:pk5nq3gedpdb6xedfeobsm52,fetchfeeds.bsky.social,tennis_only,['tennis'],1,0,0,0,0,0
did:plc:rbgxxrjsegb5t3dnu5t7k36g,golfthrowbacks.bsky.social,tennis_only,['tennis'],3,0,0,0,0,0
did:plc:jbuz5q2dgf6ejmas56cgoodz,aliciaault.bsky.social,tennis_only,['tennis'],1,1,0,0,0,0
did:plc:77vomap3mhbedfu77mvaex3p,obitsonline.bsky.social,tennis_only,['tennis'],1,0,0,0,0,0
did:plc:ovewofrnqs535rmy5fg5zl47,canadianbowler.bsky.social,tennis_only,['tennis'],1,0,0,0,0,0
did:plc:tqhrvxsaahmfgtrt3d2g4zlr,killbaitaustralia.bsky.social,tennis_only,['tennis'],1,0,0,0,0,0
did:plc:zxlg7db5co4df67avdzolwqs,ppc.land,tennis_only,['tennis'],1,1,0,0,0,0
did:plc:zwyob5ykcvk6a577big5raks,marketingnews.bsky.social,tennis_only,['tennis'],1,1,0,0,0,0
did:plc:pyfzihiudzedftjiihtgkmun,simonsmale.bsky.social,tennis_only,['tennis'],6,1,0,0,0,0
did:plc:uphqwkdmng53imwavsgltnuo,stopthestigma.bsky.social,tennis_only,['tennis'],1,0,0,0,0,0
did:plc:3vhxocufmd3f4fbt7qvlbjdy,tamilwave.bsky.social,tennis_only,['tennis'],1,0,0,0,0,0
did:plc:xutotupvyr2iodwwr5pxae2w,majestysaluki.bsky.social,tennis_only,['tennis'],1,0,0,0,0,0
did:plc:n2dpktp3z7m2dzjwftrxrmpz,thecrockpot.bsky.social,tennis_only,['tennis'],1,0,0,0,0,0
did:plc:yp7zrudntyeftci6h7jviagp,chrismbr.bsky.social,tennis_only,['tennis'],1,0,0,0,0,0
did:plc:rd7e4s2aklxu6rwqzabjimkj,justnlife.bsky.social,tennis_only,['tennis'],1,0,0,0,0,0
did:plc:vdcbnxkhfqtw4zqffeokyqo5,storyspheare.bsky.social,tennis_only,['tennis'],1,0,0,0,0,0
did:plc:sjyi6cz3q24bz6hspidaalih,nxtgensport.bsky.social,tennis_only,['tennis'],1,0,0,0,0,0
did:plc:go3it7uct3ypjv2enyk3dizu,sunshinecoastnews.bsky.social,tennis_only,['tennis'],1,56,0,4,0,4
did:plc:bnrisatodm3fhyyoqdzbcyt3,peterwmurphy1.bsky.social,tennis_only,['tennis'],1,53,0,0,0,0
did:plc:35esfstx32aw5bt5cbhqt363,helencarrau.bsky.social,tennis_only,['tennis'],1,0,0,0,0,0
did:plc:an3usnfooegevfkn7tm43sbi,southfloridamedia.bsky.social,tennis_only,['tennis'],1,0,0,0,0,0
did:plc:dbyqi3ye3r3x3r7igwmdvwma,natecochrane.bsky.social,tennis_only,['tennis'],1,0,0,0,0,0
did:plc:5h7jl7evzs3snmxjc22fpf3q,shinemycrown.com,tennis_only,['tennis'],5,0,0,0,0,0
did:plc:hdffalr2f5d525m6wiywzglz,danaholtzbert.bsky.social,tennis_only,['tennis'],1,1,0,0,0,0
did:plc:jo6qxj3a5qpjn2eptfxz7lbl,lucydelamour.bsky.social,tennis_only,['tennis'],1,40,0,0,0,0
did:plc:krni4bugnyot7ycymbx76i2r,did:plc:krni4bugnyot7ycymbx76i2r,mentioned_only,[],0,0,2,0,5,0
did:plc:u46h6l4loixv4ihq3zequ6ht,did:plc:u46h6l4loixv4ihq3zequ6ht,mentioned_only,[],0,0,1,0,1,0
did:plc:oj5ynylmmargb5szeajr4nev,did:plc:oj5ynylmmargb5szeajr4nev,mentioned_only,[],0,0,1,0,1,0
did:plc:aqft3skifiy2acgpumvdpncu,did:plc:aqft3skifiy2acgpumvdpncu,mentioned_only,[],0,0,1,0,1,0
did:plc:e2drs32jh5ecv5nki2bs5for,did:plc:e2drs32jh5ecv5nki2bs5for,mentioned_only,[],0,0,1,0,1,0
did:plc:evi5agatlbfmng4p54ivcjxg,did:plc:evi5agatlbfmng4p54ivcjxg,mentioned_only,[],0,0,1,0,1,0
did:plc:nukc6mheodshiiphud7knfl2,did:plc:nukc6mheodshiiphud7knfl2,mentioned_only,[],0,0,1,0,1,0
did:plc:rji2msf4lkscvud7w3potnk6,did:plc:rji2msf4lkscvud7w3potnk6,mentioned_only,[],0,0,1,0,1,0
did:plc:lutusp5rz27fifqljtd3iyno,did:plc:lutusp5rz27fifqljtd3iyno,mentioned_only,[],0,0,1,0,1,0
did:plc:azsiq6a5plbpa7ekw7pdrnum,did:plc:azsiq6a5plbpa7ekw7pdrnum,mentioned_only,[],0,0,1,0,1,0
did:plc:fr753mzicrykmvbuytq5ok4c,did:plc:fr753mzicrykmvbuytq5ok4c,mentioned_only,[],0,0,1,0,1,0
did:plc:ep7nkgq25dcoufjkhywtx6uv,did:plc:ep7nkgq25dcoufjkhywtx6uv,mentioned_only,[],0,0,1,0,1,0
did:plc:p7gdpofkiswapwrhfos7nqqd,did:plc:p7gdpofkiswapwrhfos7nqqd,mentioned_only,[],0,0,1,0,1,0
did:plc:hzcewbkoj4bxqtvdecivbptr,did:plc:hzcewbkoj4bxqtvdecivbptr,mentioned_only,[],0,0,1,0,1,0
did:plc:yyiyccuveoyqshnhgk6fd2vp,did:plc:yyiyccuveoyqshnhgk6fd2vp,mentioned_only,[],0,0,1,0,1,0
did:plc:mzjx7ogv4bbk36axsbtskqnq,did:plc:mzjx7ogv4bbk36axsbtskqnq,mentioned_only,[],0,0,1,0,1,0
did:plc:vovinwhtulbsx4mwfw26r5ni,did:plc:vovinwhtulbsx4mwfw26r5ni,mentioned_only,[],0,0,1,0,1,0
did:plc:47im5i5ptau2br4rh7lp2ryr,did:plc:47im5i5ptau2br4rh7lp2ryr,mentioned_only,[],0,0,1,0,1,0
